[
  {
    "id": "fhirtraining.ig",
    "type": "ImplementationGuide",
    "url": "https://intellisoft-consulting.github.io/FHIR-training-ig-template/ImplementationGuide/fhirtraining.ig",
    "version": "0.1.0",
    "name": "FHIRTRAININGIG"
  },
  {
    "id": "fhir-training-patient",
    "type": "StructureDefinition",
    "url": "https://intellisoft-consulting.github.io/FHIR-training-ig-template/StructureDefinition/fhir-training-patient",
    "version": "0.1.0",
    "name": "FhirTrainingPatient"
  },
  {
    "id": "openelis-diagnostic-report",
    "type": "StructureDefinition",
    "url": "https://intellisoft-consulting.github.io/FHIR-training-ig-template/StructureDefinition/openelis-diagnostic-report",
    "version": "0.1.0",
    "name": "OpenELISDiagnosticReport"
  }
]